start,duration,confidence,loudness,tempo,tempo_confidence,key,key_confidence,mode,mode_confidence,time_signature,time_signature_confidence,track_id
0.0,12.76875,1.0,-7.004,167.381,0.77,3,0.527,1,0.587,4,1.0,6aJn7Cst74cj4lNIiPRgav
12.76875,22.98353,0.929,-2.731,167.164,0.698,7,0.47,1,0.545,4,1.0,6aJn7Cst74cj4lNIiPRgav
35.75228,12.22994,0.63,-2.938,167.032,0.549,3,0.385,1,0.501,4,1.0,6aJn7Cst74cj4lNIiPRgav
47.98222,21.91658,0.654,-1.745,167.005,0.671,5,0.269,0,0.362,4,1.0,6aJn7Cst74cj4lNIiPRgav
69.8988,11.48841,0.443,-2.699,166.876,0.66,8,0.012,1,0.344,4,1.0,6aJn7Cst74cj4lNIiPRgav
81.38721,48.49569,0.995,-2.289,166.995,0.583,5,0.326,0,0.438,4,0.985,6aJn7Cst74cj4lNIiPRgav
0.0,29.24984,1.0,-5.889,126.075,0.817,9,0.322,0,0.368,4,1.0,19RybK6XDbAVpcdxSbZL1o
29.24984,27.14921,0.295,-4.951,126.036,0.711,0,0.646,1,0.478,4,1.0,19RybK6XDbAVpcdxSbZL1o
56.39905,13.32876,0.491,-7.967,126.008,0.616,5,0.038,1,0.315,4,1.0,19RybK6XDbAVpcdxSbZL1o
69.72782,13.34114,0.567,-5.171,126.029,0.735,9,0.264,0,0.356,4,1.0,19RybK6XDbAVpcdxSbZL1o
83.06896,68.67072,0.023,-5.212,126.032,0.725,0,0.551,1,0.521,4,1.0,19RybK6XDbAVpcdxSbZL1o
0.0,6.02387,1.0,-5.873,182.247,0.124,7,0.438,1,0.56,4,1.0,0OA00aPt3BV10qeMIs3meW
6.02387,16.65819,1.0,-3.832,180.128,0.561,7,0.299,1,0.287,4,1.0,0OA00aPt3BV10qeMIs3meW
22.68205,20.99359,0.81,-2.704,180.336,0.625,6,0.546,0,0.558,4,1.0,0OA00aPt3BV10qeMIs3meW
43.67564,16.34775,0.37,-3.046,179.772,0.557,8,0.576,1,0.528,4,1.0,0OA00aPt3BV10qeMIs3meW
60.02339,19.66836,0.635,-2.853,179.972,0.559,4,0.136,0,0.195,4,1.0,0OA00aPt3BV10qeMIs3meW
79.69175,21.32553,0.11,-2.497,180.126,0.487,4,0.314,0,0.394,4,1.0,0OA00aPt3BV10qeMIs3meW
101.01729,22.67258,0.558,-3.616,180.178,0.658,9,0.657,1,0.492,4,1.0,0OA00aPt3BV10qeMIs3meW
123.68987,18.5306,0.558,-2.678,155.614,0.511,7,0.211,0,0.49,3,0.308,0OA00aPt3BV10qeMIs3meW
142.22047,42.23973,0.645,-3.228,134.988,0.616,11,0.042,1,0.372,4,0.417,0OA00aPt3BV10qeMIs3meW
184.4602,6.20647,0.05,-6.949,135.678,0.669,11,0.225,1,0.34,4,1.0,0OA00aPt3BV10qeMIs3meW
0.0,8.09296,1.0,-21.903,173.656,0.214,1,0.005,1,0.28,4,1.0,62bOmKYxYg7dhrC6gH9vFn
8.09296,34.40533,1.0,-5.92,172.727,0.679,1,0.03,1,0.367,4,1.0,62bOmKYxYg7dhrC6gH9vFn
42.49829,10.43811,0.46,-6.154,172.675,0.568,11,0.176,1,0.589,4,1.0,62bOmKYxYg7dhrC6gH9vFn
52.9364,25.7222,0.411,-3.741,172.736,0.611,8,0.969,0,0.782,4,1.0,62bOmKYxYg7dhrC6gH9vFn
78.65861,22.2644,0.234,-5.513,172.598,0.644,8,0.735,1,0.43,4,1.0,62bOmKYxYg7dhrC6gH9vFn
100.923,9.72902,0.423,-5.501,173.015,0.513,11,0.444,1,0.577,4,1.0,62bOmKYxYg7dhrC6gH9vFn
110.65203,26.42651,0.056,-3.469,172.676,0.583,8,0.795,0,0.691,4,1.0,62bOmKYxYg7dhrC6gH9vFn
137.07854,22.24956,0.508,-6.959,172.524,0.609,8,0.068,0,0.405,4,1.0,62bOmKYxYg7dhrC6gH9vFn
159.3281,17.74293,0.908,-3.808,172.577,0.476,8,1.0,0,0.758,4,1.0,62bOmKYxYg7dhrC6gH9vFn
177.07101,12.86289,0.542,-3.24,172.599,0.528,8,0.45,0,0.57,4,1.0,62bOmKYxYg7dhrC6gH9vFn
189.93391,10.46608,0.327,-3.859,172.546,0.433,11,0.055,1,0.513,4,1.0,62bOmKYxYg7dhrC6gH9vFn
0.0,8.93744,1.0,-6.51,130.175,0.922,11,0.0,0,0.0,4,1.0,3WOhcATHxK2SLNeP5W3v1v
8.93744,14.30358,0.881,-9.311,130.068,0.784,8,0.027,1,0.367,4,1.0,3WOhcATHxK2SLNeP5W3v1v
23.24102,35.90437,0.445,-4.787,130.01,0.719,7,0.077,1,0.423,4,1.0,3WOhcATHxK2SLNeP5W3v1v
59.14539,38.81436,0.931,-3.874,130.07,0.608,0,0.733,1,0.666,4,1.0,3WOhcATHxK2SLNeP5W3v1v
97.95975,14.30318,0.9,-6.647,130.069,0.615,1,0.0,1,0.0,4,1.0,3WOhcATHxK2SLNeP5W3v1v
112.26293,31.06796,0.451,-3.255,129.925,0.35,7,0.012,1,0.275,4,1.0,3WOhcATHxK2SLNeP5W3v1v
0.0,11.90108,1.0,-11.604,172.991,0.566,2,0.0,1,0.0,4,1.0,2Lumsra3kuU61wXkEKzKaK
11.90108,35.02334,0.671,-8.478,172.895,0.355,11,0.795,0,0.641,4,1.0,2Lumsra3kuU61wXkEKzKaK
46.92442,10.41938,0.192,-7.621,173.536,0.364,11,0.488,0,0.495,4,1.0,2Lumsra3kuU61wXkEKzKaK
57.3438,32.93092,0.971,-8.409,173.362,0.402,11,0.536,0,0.522,4,1.0,2Lumsra3kuU61wXkEKzKaK
90.27472,33.31599,0.205,-7.619,172.987,0.29,11,0.588,0,0.541,4,1.0,2Lumsra3kuU61wXkEKzKaK
123.59071,22.19952,0.958,-9.987,172.946,0.318,11,0.599,0,0.57,4,1.0,2Lumsra3kuU61wXkEKzKaK
145.79022,6.97028,0.836,-14.914,173.021,0.356,9,0.613,1,0.662,4,1.0,2Lumsra3kuU61wXkEKzKaK
0.0,8.02041,1.0,-20.694,122.932,0.903,9,0.0,0,0.0,4,1.0,2KufM8PiQY4i52XhRL96Fd
8.02041,22.45694,0.978,-13.592,122.984,0.855,9,0.0,0,0.0,4,1.0,2KufM8PiQY4i52XhRL96Fd
30.47734,16.59911,0.237,-13.185,122.929,0.793,9,0.063,0,0.34,4,1.0,2KufM8PiQY4i52XhRL96Fd
47.07645,14.65524,0.31,-13.304,123.07,0.783,7,0.04,1,0.365,4,1.0,2KufM8PiQY4i52XhRL96Fd
61.73169,17.10247,0.704,-13.513,122.818,0.754,9,0.125,0,0.389,4,1.0,2KufM8PiQY4i52XhRL96Fd
78.83416,37.67527,0.879,-13.576,122.738,0.726,7,0.053,1,0.421,4,1.0,2KufM8PiQY4i52XhRL96Fd
116.50943,32.82986,0.892,-9.725,122.473,0.726,6,0.073,0,0.319,4,1.0,2KufM8PiQY4i52XhRL96Fd
149.3393,134.51653,0.379,-11.929,122.218,0.568,6,0.0,0,0.176,4,0.962,2KufM8PiQY4i52XhRL96Fd
283.85583,8.51752,0.852,-22.92,122.232,0.624,4,0.035,1,0.375,4,1.0,2KufM8PiQY4i52XhRL96Fd
0.0,7.05381,1.0,-20.101,149.936,0.685,10,0.497,1,0.559,4,1.0,6MzofobZt2dm0Kf1hTThFz
7.05381,24.7835,1.0,-6.874,150.095,0.713,10,0.516,1,0.478,4,1.0,6MzofobZt2dm0Kf1hTThFz
31.83731,27.61032,0.731,-5.653,149.91,0.534,7,0.299,0,0.525,4,1.0,6MzofobZt2dm0Kf1hTThFz
59.44763,24.38681,0.128,-6.68,150.16,0.693,10,0.693,1,0.538,4,1.0,6MzofobZt2dm0Kf1hTThFz
83.83444,35.60367,0.257,-5.509,150.054,0.507,7,0.993,0,0.536,4,0.691,6MzofobZt2dm0Kf1hTThFz
119.43811,15.70713,0.455,-11.371,149.411,0.358,10,0.844,1,0.779,3,0.556,6MzofobZt2dm0Kf1hTThFz
135.14523,29.2078,0.722,-5.729,150.048,0.506,4,0.078,0,0.311,3,0.894,6MzofobZt2dm0Kf1hTThFz
164.35304,5.34483,0.856,-55.799,0.0,0.0,2,0.0,1,0.0,4,1.0,6MzofobZt2dm0Kf1hTThFz
0.0,12.03339,1.0,-4.803,160.164,0.537,11,0.13,1,0.451,4,0.897,2hrycoFU1mZw6YPvMcn8yC
12.03339,12.73436,0.913,-3.139,160.382,0.448,10,0.618,0,0.592,4,1.0,2hrycoFU1mZw6YPvMcn8yC
24.76774,20.98566,0.292,-3.58,159.893,0.46,10,0.469,0,0.532,4,1.0,2hrycoFU1mZw6YPvMcn8yC
45.7534,12.00847,0.215,-3.192,159.789,0.463,10,0.0,0,0.233,4,1.0,2hrycoFU1mZw6YPvMcn8yC
57.76187,38.98533,0.255,-3.41,160.108,0.484,6,0.163,1,0.479,4,1.0,2hrycoFU1mZw6YPvMcn8yC
96.74719,12.00396,0.475,-3.493,160.013,0.506,10,0.478,0,0.523,4,1.0,2hrycoFU1mZw6YPvMcn8yC
108.75115,13.60971,0.852,-5.353,159.817,0.517,10,0.63,0,0.557,4,1.0,2hrycoFU1mZw6YPvMcn8yC
0.0,8.29939,1.0,-8.049,113.117,0.589,0,0.399,0,0.63,4,1.0,5G2f63n7IPVPPjfNIGih7Q
8.29939,16.99931,0.202,-5.482,113.099,0.478,0,0.536,0,0.589,4,1.0,5G2f63n7IPVPPjfNIGih7Q
25.2987,31.84782,0.281,-3.724,113.166,0.5,3,0.58,1,0.573,4,1.0,5G2f63n7IPVPPjfNIGih7Q
57.14652,40.36824,0.465,-3.583,112.957,0.434,8,0.591,1,0.554,4,1.0,5G2f63n7IPVPPjfNIGih7Q
97.51476,26.55148,0.702,-5.526,112.978,0.477,0,0.251,0,0.481,4,1.0,5G2f63n7IPVPPjfNIGih7Q
124.06625,33.21335,0.796,-3.202,112.857,0.41,3,0.117,1,0.349,3,0.553,5G2f63n7IPVPPjfNIGih7Q
0.0,14.36176,1.0,-13.153,138.008,0.749,1,0.427,0,0.309,4,1.0,7fzHQizxTqy8wTXwlrgPQQ
14.36176,12.16669,0.834,-4.045,138.047,0.908,4,0.231,1,0.446,4,1.0,7fzHQizxTqy8wTXwlrgPQQ
26.52845,33.48511,0.734,-4.139,138.011,0.745,6,0.732,1,0.559,4,1.0,7fzHQizxTqy8wTXwlrgPQQ
60.01356,23.92401,0.035,-3.818,137.958,0.695,6,0.237,1,0.405,4,0.854,7fzHQizxTqy8wTXwlrgPQQ
83.93757,18.24396,0.279,-6.594,138.079,0.485,1,0.204,0,0.424,4,0.919,7fzHQizxTqy8wTXwlrgPQQ
102.18153,27.83045,0.327,-3.887,138.023,0.644,4,0.504,1,0.465,4,1.0,7fzHQizxTqy8wTXwlrgPQQ
130.01198,10.0086,0.544,-4.561,137.944,0.731,6,0.11,1,0.343,4,1.0,7fzHQizxTqy8wTXwlrgPQQ
140.02058,15.1313,1.0,-13.214,137.94,0.542,6,0.53,0,0.509,4,0.971,7fzHQizxTqy8wTXwlrgPQQ
0.0,8.24981,1.0,-5.998,119.872,0.95,8,0.097,1,0.447,4,1.0,07oO1U722crtVcavi6frX6
8.24981,28.48899,0.263,-4.145,120.061,0.843,8,0.131,1,0.293,4,1.0,07oO1U722crtVcavi6frX6
36.7388,16.51568,0.52,-4.378,119.72,0.759,9,0.054,1,0.307,4,1.0,07oO1U722crtVcavi6frX6
53.25448,39.00488,0.671,-4.195,119.828,0.791,8,0.757,1,0.507,4,1.0,07oO1U722crtVcavi6frX6
92.25936,22.48833,0.683,-4.144,120.231,0.746,11,0.624,1,0.554,4,1.0,07oO1U722crtVcavi6frX6
114.74769,29.00629,0.471,-3.634,120.006,0.528,8,0.826,0,0.606,4,0.922,07oO1U722crtVcavi6frX6
143.75398,30.99416,0.926,-4.857,120.057,0.324,8,0.823,0,0.871,4,0.927,07oO1U722crtVcavi6frX6
174.74814,16.03413,0.751,-4.774,119.945,0.854,8,0.169,1,0.441,4,1.0,07oO1U722crtVcavi6frX6
0.0,12.56398,1.0,-6.877,143.176,0.535,3,0.374,1,0.346,4,1.0,2mWfVxEo4xZYDaz0v7hYrN
12.56398,14.40292,0.238,-5.722,141.531,0.593,3,0.749,1,0.491,4,1.0,2mWfVxEo4xZYDaz0v7hYrN
26.9669,30.34251,0.111,-5.674,140.758,0.516,3,0.686,1,0.514,4,1.0,2mWfVxEo4xZYDaz0v7hYrN
57.3094,75.90336,0.249,-5.559,142.497,0.502,3,0.432,1,0.425,4,1.0,2mWfVxEo4xZYDaz0v7hYrN
133.21277,14.41909,0.573,-6.107,141.456,0.65,5,0.21,0,0.282,4,1.0,2mWfVxEo4xZYDaz0v7hYrN
147.63187,22.40528,0.338,-8.886,141.73,0.505,5,0.674,0,0.608,4,1.0,2mWfVxEo4xZYDaz0v7hYrN
170.03714,19.29413,0.634,-5.138,143.281,0.328,3,0.679,1,0.611,4,1.0,2mWfVxEo4xZYDaz0v7hYrN
189.33125,5.77826,1.0,-41.78,145.571,0.123,3,0.0,1,0.0,4,1.0,2mWfVxEo4xZYDaz0v7hYrN
0.0,10.22958,1.0,-16.48,97.921,0.226,2,0.061,1,0.505,4,1.0,2dono2Koz7DEvGwxUsmMLq
10.22958,9.32867,0.149,-15.632,102.918,0.135,7,0.179,1,0.61,4,1.0,2dono2Koz7DEvGwxUsmMLq
19.55824,9.58539,0.253,-10.36,99.946,0.414,2,0.056,1,0.42,4,1.0,2dono2Koz7DEvGwxUsmMLq
29.14363,9.54657,0.317,-6.017,100.727,0.338,7,0.585,1,0.603,4,1.0,2dono2Koz7DEvGwxUsmMLq
38.6902,9.09018,0.187,-10.482,98.906,0.209,2,0.0,1,0.0,4,1.0,2dono2Koz7DEvGwxUsmMLq
47.78038,10.43276,0.276,-5.009,99.001,0.4,2,0.0,1,0.0,4,0.867,2dono2Koz7DEvGwxUsmMLq
58.21314,48.90173,0.019,-6.25,98.316,0.373,2,0.81,1,0.763,3,0.304,2dono2Koz7DEvGwxUsmMLq
107.11487,9.72269,0.324,-5.196,98.736,0.442,7,0.0,1,0.0,4,1.0,2dono2Koz7DEvGwxUsmMLq
116.83756,40.39984,0.076,-4.858,97.133,0.404,2,0.494,1,0.567,4,0.617,2dono2Koz7DEvGwxUsmMLq
157.2374,18.5445,0.538,-14.031,100.222,0.149,2,0.126,1,0.705,3,0.524,2dono2Koz7DEvGwxUsmMLq
175.7819,10.2181,0.952,-21.294,97.489,0.177,2,0.0,1,0.0,4,1.0,2dono2Koz7DEvGwxUsmMLq
0.0,8.30692,1.0,-8.882,123.467,0.772,10,0.073,1,0.302,4,1.0,2HYFX63wP3otVIvopRS99Z
8.30692,49.14199,1.0,-2.776,127.004,0.817,0,0.064,1,0.313,4,1.0,2HYFX63wP3otVIvopRS99Z
57.44891,18.42225,0.483,-2.619,126.96,0.829,9,0.383,1,0.349,4,1.0,2HYFX63wP3otVIvopRS99Z
75.87116,31.16834,0.011,-2.328,127.085,0.702,9,0.0,0,0.05,4,1.0,2HYFX63wP3otVIvopRS99Z
107.0395,12.76455,0.262,-2.226,126.971,0.779,0,0.473,1,0.39,4,1.0,2HYFX63wP3otVIvopRS99Z
119.80405,28.35518,0.675,-2.649,127.055,0.819,9,0.501,0,0.471,4,1.0,2HYFX63wP3otVIvopRS99Z
148.15924,48.64793,0.486,-2.643,127.033,0.838,4,0.249,0,0.268,4,1.0,2HYFX63wP3otVIvopRS99Z
196.80717,15.12127,0.278,-2.384,127.07,0.777,9,0.382,0,0.333,4,1.0,2HYFX63wP3otVIvopRS99Z
211.92844,15.31084,0.337,-2.711,127.086,0.798,7,0.036,1,0.499,4,1.0,2HYFX63wP3otVIvopRS99Z
0.0,13.35244,1.0,-6.723,81.034,0.872,1,0.877,1,0.71,4,1.0,5b3XJ1pjrHO5JtY2PcTjnI
13.35244,11.10332,0.439,-5.104,81.056,0.906,1,0.0,1,0.0,4,1.0,5b3XJ1pjrHO5JtY2PcTjnI
24.45576,37.03719,0.418,-4.262,81.039,0.829,8,0.033,1,0.486,4,1.0,5b3XJ1pjrHO5JtY2PcTjnI
61.49295,12.60315,0.4,-4.363,80.975,0.839,10,0.323,1,0.668,4,1.0,5b3XJ1pjrHO5JtY2PcTjnI
74.09611,9.61655,0.815,-4.934,81.236,0.905,1,0.0,1,0.0,4,1.0,5b3XJ1pjrHO5JtY2PcTjnI
83.71266,49.64015,0.361,-5.273,81.028,0.877,8,0.41,1,0.558,4,1.0,5b3XJ1pjrHO5JtY2PcTjnI
133.35281,9.61913,0.464,-4.754,81.174,0.896,1,0.0,1,0.0,4,1.0,5b3XJ1pjrHO5JtY2PcTjnI
142.97194,14.01641,0.409,-5.048,80.965,0.807,1,0.0,1,0.0,4,1.0,5b3XJ1pjrHO5JtY2PcTjnI
0.0,19.12523,1.0,-7.247,209.753,0.634,1,0.0,1,0.0,4,1.0,0ZDwhNFZnPx9EIPCcwGUHC
19.12523,10.29191,0.774,-4.533,210.311,0.681,10,0.384,0,0.335,4,1.0,0ZDwhNFZnPx9EIPCcwGUHC
29.41714,43.33604,0.398,-4.455,209.812,0.51,5,0.489,0,0.537,4,0.944,0ZDwhNFZnPx9EIPCcwGUHC
72.75317,25.49844,0.697,-4.46,210.03,0.564,10,0.42,0,0.351,4,1.0,0ZDwhNFZnPx9EIPCcwGUHC
98.25162,19.68232,0.435,-4.329,211.105,0.512,3,0.505,0,0.528,4,1.0,0ZDwhNFZnPx9EIPCcwGUHC
117.93394,10.04868,0.689,-3.758,206.04,0.423,10,0.616,1,0.483,4,1.0,0ZDwhNFZnPx9EIPCcwGUHC
127.98262,36.00961,0.57,-3.395,210.444,0.469,5,0.0,0,0.172,4,1.0,0ZDwhNFZnPx9EIPCcwGUHC
163.99223,17.42091,0.761,-5.086,210.358,0.607,5,0.387,0,0.578,4,1.0,0ZDwhNFZnPx9EIPCcwGUHC
181.41315,13.73411,0.438,-5.913,209.467,0.53,6,0.077,1,0.378,4,1.0,0ZDwhNFZnPx9EIPCcwGUHC
0.0,7.71582,1.0,-11.657,140.717,0.615,10,0.049,1,0.322,4,1.0,2hKYtHbwYOSjvYQhVdUpdQ
7.71582,11.99109,0.801,-6.477,140.121,0.694,11,0.252,1,0.477,4,1.0,2hKYtHbwYOSjvYQhVdUpdQ
19.70691,14.14661,0.075,-5.093,140.015,0.807,8,0.097,0,0.366,4,1.0,2hKYtHbwYOSjvYQhVdUpdQ
33.85352,9.8674,0.068,-5.724,140.016,0.734,11,0.049,1,0.348,4,1.0,2hKYtHbwYOSjvYQhVdUpdQ
43.72091,18.85837,0.111,-5.238,140.2,0.785,10,0.047,0,0.425,4,1.0,2hKYtHbwYOSjvYQhVdUpdQ
62.57928,13.28053,0.116,-6.195,140.282,0.679,1,0.0,1,0.0,4,1.0,2hKYtHbwYOSjvYQhVdUpdQ
75.85981,26.55414,0.344,-5.382,139.894,0.759,11,0.014,1,0.248,4,1.0,2hKYtHbwYOSjvYQhVdUpdQ
102.41395,22.73696,0.797,-6.064,140.581,0.683,8,0.008,0,0.214,4,1.0,2hKYtHbwYOSjvYQhVdUpdQ
125.15091,33.00467,0.173,-5.577,139.96,0.75,11,0.023,1,0.279,4,1.0,2hKYtHbwYOSjvYQhVdUpdQ
158.1556,6.41584,1.0,-24.369,139.791,0.648,10,0.113,0,0.401,4,1.0,2hKYtHbwYOSjvYQhVdUpdQ
0.0,8.34766,1.0,-10.077,124.038,0.218,4,0.686,1,0.718,4,1.0,3Vr3zh0r7ALn8VLqCiRR10
8.34766,8.23734,0.305,-8.285,123.465,0.532,4,0.0,1,0.074,4,1.0,3Vr3zh0r7ALn8VLqCiRR10
16.58501,22.80122,0.333,-8.339,123.828,0.43,1,0.621,0,0.755,4,1.0,3Vr3zh0r7ALn8VLqCiRR10
39.38622,15.96713,0.781,-4.484,124.024,0.509,4,0.391,1,0.441,4,1.0,3Vr3zh0r7ALn8VLqCiRR10
55.35335,15.00211,0.282,-4.957,124.059,0.403,9,0.115,1,0.294,4,1.0,3Vr3zh0r7ALn8VLqCiRR10
70.35546,17.89728,0.554,-7.777,124.025,0.498,1,0.306,0,0.43,5,0.724,3Vr3zh0r7ALn8VLqCiRR10
88.25274,13.54602,0.398,-6.875,124.127,0.463,4,0.391,1,0.535,5,1.0,3Vr3zh0r7ALn8VLqCiRR10
101.79875,31.94227,0.485,-5.128,124.096,0.429,9,0.798,1,0.426,5,0.8,3Vr3zh0r7ALn8VLqCiRR10
133.74103,15.97192,0.234,-5.721,123.929,0.423,1,0.837,0,0.799,4,1.0,3Vr3zh0r7ALn8VLqCiRR10
149.71295,15.50458,0.479,-4.901,124.244,0.461,4,0.499,1,0.659,4,1.0,3Vr3zh0r7ALn8VLqCiRR10
165.21753,7.3158,1.0,-24.386,0.0,0.0,4,0.0,1,0.0,4,1.0,3Vr3zh0r7ALn8VLqCiRR10
0.0,13.53634,1.0,-12.946,133.986,0.717,8,0.006,0,0.124,3,1.0,29gsi1zZrZxdStACmTQB0Z
13.53634,59.5853,1.0,-6.523,133.843,0.571,1,0.028,0,0.296,3,1.0,29gsi1zZrZxdStACmTQB0Z
73.12164,25.92835,0.836,-13.547,134.324,0.384,8,0.041,1,0.404,3,1.0,29gsi1zZrZxdStACmTQB0Z
99.04999,37.17606,0.951,-5.962,133.866,0.573,8,0.401,0,0.265,3,0.873,29gsi1zZrZxdStACmTQB0Z
136.22604,28.65521,0.956,-12.945,135.689,0.458,8,0.069,1,0.418,3,1.0,29gsi1zZrZxdStACmTQB0Z
164.88126,43.44167,0.662,-6.253,133.953,0.655,1,0.082,0,0.43,3,1.0,29gsi1zZrZxdStACmTQB0Z
208.32294,28.19377,0.799,-12.912,133.797,0.461,8,0.003,1,0.201,3,1.0,29gsi1zZrZxdStACmTQB0Z
236.51671,34.94852,0.965,-7.154,133.947,0.706,1,0.02,0,0.313,3,1.0,29gsi1zZrZxdStACmTQB0Z
271.46524,6.60144,0.435,-9.766,129.857,0.504,5,0.045,0,0.422,3,1.0,29gsi1zZrZxdStACmTQB0Z
0.0,9.08065,1.0,-11.348,160.156,0.808,2,0.874,1,0.692,4,1.0,3qhlB30KknSejmIvZZLjOD
9.08065,15.3678,0.608,-10.378,160.315,0.646,7,0.01,1,0.346,4,1.0,3qhlB30KknSejmIvZZLjOD
24.44845,36.02009,0.632,-7.239,160.02,0.403,11,0.423,0,0.527,4,1.0,3qhlB30KknSejmIvZZLjOD
60.46854,17.9884,0.709,-9.154,159.986,0.567,2,0.481,1,0.554,4,1.0,3qhlB30KknSejmIvZZLjOD
78.45694,34.87913,0.656,-7.059,160.044,0.407,2,0.456,1,0.527,4,1.0,3qhlB30KknSejmIvZZLjOD
113.33607,20.63629,0.687,-4.335,159.813,0.529,11,0.63,0,0.335,4,1.0,3qhlB30KknSejmIvZZLjOD
133.97237,25.27322,1.0,-7.705,159.836,0.486,7,0.785,1,0.773,4,1.0,3qhlB30KknSejmIvZZLjOD
0.0,7.6463,1.0,-19.601,126.527,0.453,3,0.067,0,0.601,4,1.0,1aHy1ipWQRNauI0ee9uYfi
7.6463,24.75518,0.876,-10.4,126.135,0.692,11,0.024,1,0.46,4,1.0,1aHy1ipWQRNauI0ee9uYfi
32.40148,24.28597,0.291,-10.0,126.059,0.656,3,0.301,0,0.473,4,0.915,1aHy1ipWQRNauI0ee9uYfi
56.68746,15.23701,0.322,-10.407,126.231,0.672,11,0.02,1,0.454,4,0.667,1aHy1ipWQRNauI0ee9uYfi
71.92446,39.04183,0.418,-10.029,125.978,0.662,11,0.473,1,0.587,4,1.0,1aHy1ipWQRNauI0ee9uYfi
110.96629,18.55752,0.663,-16.244,126.009,0.689,3,0.256,0,0.348,4,0.974,1aHy1ipWQRNauI0ee9uYfi
0.0,18.31694,1.0,-25.239,100.12,0.38,8,0.0,0,0.0,4,1.0,6XjDF6nds4DE2BBbagZol6
18.31694,16.23733,0.938,-5.475,99.949,0.657,11,0.587,1,0.643,4,1.0,6XjDF6nds4DE2BBbagZol6
34.55428,30.25442,0.094,-8.488,99.65,0.334,8,0.626,0,0.608,4,1.0,6XjDF6nds4DE2BBbagZol6
64.8087,21.75049,0.007,-7.062,99.981,0.707,11,0.383,1,0.499,4,1.0,6XjDF6nds4DE2BBbagZol6
86.55918,102.41792,0.612,-7.81,100.002,0.608,8,0.376,0,0.425,4,1.0,6XjDF6nds4DE2BBbagZol6
188.97711,16.3142,0.785,-14.539,99.961,0.601,8,0.56,0,0.535,4,1.0,6XjDF6nds4DE2BBbagZol6
205.2913,16.7087,0.586,-24.102,100.018,0.791,4,0.0,1,0.0,4,1.0,6XjDF6nds4DE2BBbagZol6
0.0,8.03641,1.0,-7.013,100.622,0.761,0,0.0,1,0.0,4,1.0,0ve0CavjqrUqVmZ605RhTV
8.03641,20.25091,0.764,-3.559,99.626,0.661,10,0.177,0,0.58,4,1.0,0ve0CavjqrUqVmZ605RhTV
28.28731,20.85538,0.333,-2.335,100.459,0.491,10,0.567,0,0.548,4,1.0,0ve0CavjqrUqVmZ605RhTV
49.1427,16.20758,0.605,-3.708,100.168,0.654,5,0.079,1,0.45,4,1.0,0ve0CavjqrUqVmZ605RhTV
65.35028,50.9905,0.261,-2.767,100.014,0.46,10,0.376,0,0.479,4,1.0,0ve0CavjqrUqVmZ605RhTV
116.34078,30.73029,0.709,-4.452,100.258,0.626,0,0.029,1,0.244,4,1.0,0ve0CavjqrUqVmZ605RhTV
0.0,15.26756,1.0,-12.746,104.944,0.898,2,0.731,1,0.558,4,1.0,6dOtVTDdiauQNBQEDOtlAB
15.26756,21.71802,0.578,-11.355,104.994,0.79,2,0.585,1,0.538,4,1.0,6dOtVTDdiauQNBQEDOtlAB
36.98559,27.42451,0.099,-9.359,104.97,0.617,2,0.753,1,0.66,4,1.0,6dOtVTDdiauQNBQEDOtlAB
64.41009,11.41989,0.2,-8.421,105.211,0.577,11,0.477,0,0.632,4,1.0,6dOtVTDdiauQNBQEDOtlAB
75.82998,21.15132,0.259,-6.909,104.834,0.395,2,0.402,1,0.448,4,1.0,6dOtVTDdiauQNBQEDOtlAB
96.98131,36.00175,0.835,-11.435,105.007,0.813,4,0.116,0,0.348,4,1.0,6dOtVTDdiauQNBQEDOtlAB
132.98306,17.14745,0.612,-13.351,105.005,0.395,11,0.3,0,0.445,4,1.0,6dOtVTDdiauQNBQEDOtlAB
150.13051,14.29659,0.712,-8.569,104.941,0.378,11,0.259,0,0.556,4,1.0,6dOtVTDdiauQNBQEDOtlAB
164.4271,7.41019,0.18,-6.971,105.15,0.211,9,0.454,1,0.561,4,1.0,6dOtVTDdiauQNBQEDOtlAB
171.8373,17.70791,0.261,-9.247,105.002,0.352,11,0.0,0,0.0,4,1.0,6dOtVTDdiauQNBQEDOtlAB
189.5452,12.57417,0.716,-14.859,104.949,0.498,11,0.229,0,0.521,4,1.0,6dOtVTDdiauQNBQEDOtlAB
202.11937,8.25396,0.576,-13.864,105.146,0.237,2,0.0,1,0.0,4,1.0,6dOtVTDdiauQNBQEDOtlAB
0.0,8.38638,1.0,-28.909,136.587,0.719,7,0.339,0,0.477,4,1.0,4HMop4Re0iucehmF7mgV27
8.38638,17.17194,1.0,-11.911,136.371,0.624,0,0.45,1,0.445,4,1.0,4HMop4Re0iucehmF7mgV27
25.55832,34.30233,0.168,-12.32,136.543,0.692,9,0.0,0,0.113,4,1.0,4HMop4Re0iucehmF7mgV27
59.86065,27.28491,0.029,-11.927,136.3,0.64,0,0.432,1,0.468,4,1.0,4HMop4Re0iucehmF7mgV27
87.14555,26.53934,0.631,-14.311,137.65,0.453,11,0.551,0,0.532,4,0.909,4HMop4Re0iucehmF7mgV27
0.0,8.06949,1.0,-23.988,100.472,0.459,5,0.144,0,0.239,4,1.0,6NjWCIYu1W8xa3HIvcIhd4
8.06949,31.19009,1.0,-9.051,100.1,0.849,10,0.198,0,0.415,4,1.0,6NjWCIYu1W8xa3HIvcIhd4
39.25958,18.59985,0.166,-7.191,100.085,0.813,8,0.64,1,0.64,4,1.0,6NjWCIYu1W8xa3HIvcIhd4
57.85943,39.00285,0.303,-7.679,100.009,0.855,8,0.224,1,0.34,4,1.0,6NjWCIYu1W8xa3HIvcIhd4
96.86228,20.40163,0.337,-7.061,100.06,0.795,8,0.482,1,0.541,4,1.0,6NjWCIYu1W8xa3HIvcIhd4
117.26391,19.79693,0.325,-7.445,99.976,0.847,0,0.291,0,0.552,4,1.0,6NjWCIYu1W8xa3HIvcIhd4
137.06084,19.192,0.112,-8.464,99.896,0.748,8,0.129,1,0.523,4,1.0,6NjWCIYu1W8xa3HIvcIhd4
156.25284,19.7746,0.501,-8.967,99.976,0.873,10,0.214,0,0.339,4,1.0,6NjWCIYu1W8xa3HIvcIhd4
0.0,7.77745,1.0,-10.374,95.024,0.857,2,0.0,1,0.0,4,1.0,7fPyCCiXVwbzPQ1MtoUChl
7.77745,18.31279,0.862,-7.415,94.968,0.72,11,0.0,0,0.0,4,1.0,7fPyCCiXVwbzPQ1MtoUChl
26.09024,40.41852,0.649,-3.279,94.992,0.775,7,0.542,1,0.56,4,1.0,7fPyCCiXVwbzPQ1MtoUChl
66.50876,20.20938,0.387,-3.988,94.987,0.849,2,0.082,1,0.327,4,1.0,7fPyCCiXVwbzPQ1MtoUChl
86.71814,9.47295,0.38,-5.133,94.99,0.77,2,0.081,1,0.253,4,1.0,7fPyCCiXVwbzPQ1MtoUChl
96.19109,31.57688,0.285,-2.777,95.047,0.757,11,0.48,0,0.607,4,1.0,7fPyCCiXVwbzPQ1MtoUChl
127.76797,15.79421,0.343,-2.63,94.909,0.784,9,0.0,1,0.0,4,1.0,7fPyCCiXVwbzPQ1MtoUChl
143.56218,39.78166,0.261,-2.306,95.059,0.728,11,0.466,0,0.635,4,1.0,7fPyCCiXVwbzPQ1MtoUChl
183.34384,8.02433,0.183,-2.926,94.622,0.265,2,0.0,1,0.0,4,1.0,7fPyCCiXVwbzPQ1MtoUChl
0.0,6.90525,1.0,-15.309,143.867,0.385,10,0.297,1,0.436,4,0.857,6tNQ70jh4OwmPGpYy6R2o9
6.90525,9.05732,0.964,-6.704,139.421,0.556,7,0.532,0,0.517,4,1.0,6tNQ70jh4OwmPGpYy6R2o9
15.96257,20.49845,0.639,-6.481,140.711,0.459,10,0.238,1,0.341,4,1.0,6tNQ70jh4OwmPGpYy6R2o9
36.46102,28.60375,0.204,-6.158,123.828,0.402,10,0.591,1,0.619,4,0.1,6tNQ70jh4OwmPGpYy6R2o9
65.06477,19.47229,0.571,-11.929,104.915,0.743,10,0.583,1,0.297,3,1.0,6tNQ70jh4OwmPGpYy6R2o9
84.53706,21.1448,0.529,-3.225,105.032,0.283,10,0.0,1,0.193,3,1.0,6tNQ70jh4OwmPGpYy6R2o9
105.68186,57.79251,0.491,-4.096,104.956,0.365,10,0.451,1,0.4,3,0.957,6tNQ70jh4OwmPGpYy6R2o9
163.47437,16.83013,0.599,-7.789,106.59,0.485,10,0.208,1,0.524,4,0.778,6tNQ70jh4OwmPGpYy6R2o9
0.0,24.76633,1.0,-16.219,176.72,0.126,7,0.02,0,0.315,4,0.441,52eIcoLUM25zbQupAZYoFh
24.76633,20.33329,1.0,-12.568,171.295,0.2,2,0.065,0,0.535,4,1.0,52eIcoLUM25zbQupAZYoFh
45.09962,15.00215,1.0,-9.269,172.015,0.645,2,0.0,1,0.0,4,1.0,52eIcoLUM25zbQupAZYoFh
60.10176,89.30393,0.745,-8.495,172.03,0.602,2,0.662,1,0.533,4,1.0,52eIcoLUM25zbQupAZYoFh
149.40569,16.39274,0.369,-8.295,172.073,0.641,11,0.085,0,0.401,4,1.0,52eIcoLUM25zbQupAZYoFh
165.79843,36.63198,0.181,-7.826,172.232,0.603,2,0.003,1,0.181,4,1.0,52eIcoLUM25zbQupAZYoFh
202.4304,25.12297,0.054,-8.094,172.311,0.566,2,0.011,1,0.326,4,1.0,52eIcoLUM25zbQupAZYoFh
227.55338,18.14103,0.254,-8.194,172.134,0.63,2,0.023,1,0.281,4,1.0,52eIcoLUM25zbQupAZYoFh
245.69441,9.42412,0.873,-11.961,172.157,0.321,2,0.0,0,0.0,4,1.0,52eIcoLUM25zbQupAZYoFh
255.11853,15.57911,0.296,-11.652,171.224,0.227,2,0.003,1,0.227,4,1.0,52eIcoLUM25zbQupAZYoFh
0.0,8.03232,1.0,-7.388,135.089,0.904,2,0.36,0,0.33,4,1.0,3lMzT16MjAKKXF7pSZn13B
8.03232,14.67711,1.0,-4.122,134.999,0.793,7,0.367,1,0.604,4,1.0,3lMzT16MjAKKXF7pSZn13B
22.70943,10.22379,0.128,-4.437,135.795,0.572,7,0.47,1,0.511,4,1.0,3lMzT16MjAKKXF7pSZn13B
32.93323,13.74869,0.235,-4.651,135.07,0.599,0,0.013,0,0.083,4,1.0,3lMzT16MjAKKXF7pSZn13B
46.68192,17.35264,0.303,-4.554,134.961,0.695,0,0.021,0,0.124,4,1.0,3lMzT16MjAKKXF7pSZn13B
64.03457,13.32468,0.401,-4.619,135.201,0.776,2,0.062,1,0.34,4,1.0,3lMzT16MjAKKXF7pSZn13B
77.35925,16.00785,0.265,-5.739,134.959,0.613,7,0.082,1,0.419,4,1.0,3lMzT16MjAKKXF7pSZn13B
93.3671,11.10318,0.456,-4.03,135.092,0.702,0,0.157,0,0.419,4,1.0,3lMzT16MjAKKXF7pSZn13B
104.47027,19.97417,0.077,-3.787,135.111,0.543,2,0.67,0,0.858,4,1.0,3lMzT16MjAKKXF7pSZn13B
0.0,13.24784,1.0,-15.762,147.7,0.433,10,0.498,1,0.39,4,1.0,3w0w2T288dec0mgeZZqoNN
13.24784,26.1045,1.0,-14.276,144.655,0.16,5,0.0,0,0.0,4,0.967,3w0w2T288dec0mgeZZqoNN
39.35234,12.97036,1.0,-4.878,147.693,0.541,0,0.0,1,0.0,4,1.0,3w0w2T288dec0mgeZZqoNN
52.3227,13.36343,0.39,-5.244,148.424,0.564,1,0.25,1,0.454,4,1.0,3w0w2T288dec0mgeZZqoNN
65.68612,12.98905,0.331,-4.977,148.033,0.552,8,0.639,1,0.624,4,1.0,3w0w2T288dec0mgeZZqoNN
78.67518,32.20197,0.666,-6.008,147.923,0.48,1,0.52,1,0.564,4,0.932,3w0w2T288dec0mgeZZqoNN
110.87714,36.7167,0.7,-4.185,146.936,0.49,1,0.877,1,0.638,4,1.0,3w0w2T288dec0mgeZZqoNN
147.59386,50.21875,0.314,-5.399,148.357,0.46,1,0.779,1,0.658,4,1.0,3w0w2T288dec0mgeZZqoNN
197.81259,30.53448,0.187,-5.642,148.073,0.474,1,0.996,1,0.746,4,1.0,3w0w2T288dec0mgeZZqoNN
228.34708,25.08757,1.0,-8.544,147.749,0.225,5,0.445,0,0.51,4,0.947,3w0w2T288dec0mgeZZqoNN
253.43465,10.88971,0.722,-12.64,148.261,0.351,2,0.0,1,0.0,4,1.0,3w0w2T288dec0mgeZZqoNN
0.0,9.15369,1.0,-11.775,113.145,0.349,0,0.0,1,0.0,5,1.0,6O3WfmAQIgnLBGVzZJVS40
9.15369,14.40159,0.93,-7.854,113.541,0.51,1,0.0,1,0.0,5,1.0,6O3WfmAQIgnLBGVzZJVS40
23.55528,19.04148,0.476,-6.218,111.627,0.526,1,0.0,1,0.0,5,1.0,6O3WfmAQIgnLBGVzZJVS40
42.59676,48.56348,0.501,-6.034,112.009,0.518,1,0.888,1,0.65,5,1.0,6O3WfmAQIgnLBGVzZJVS40
91.16024,13.31033,0.551,-9.588,113.244,0.681,8,0.0,1,0.0,5,1.0,6O3WfmAQIgnLBGVzZJVS40
0.0,48.84834,1.0,-6.5,145.957,0.688,1,0.397,1,0.473,4,1.0,19kHhX6f6EfLU7rcO3RqjO
48.84834,26.29552,0.572,-5.357,146.101,0.668,8,0.891,1,0.373,4,1.0,19kHhX6f6EfLU7rcO3RqjO
75.14386,24.24781,0.018,-4.962,145.94,0.481,3,0.709,0,0.419,4,1.0,19kHhX6f6EfLU7rcO3RqjO
99.39167,11.76015,0.393,-6.45,143.187,0.254,3,0.227,0,0.519,4,0.923,19kHhX6f6EfLU7rcO3RqjO
111.15182,13.11133,0.517,-4.598,145.998,0.409,8,0.056,1,0.436,4,1.0,19kHhX6f6EfLU7rcO3RqjO
124.26315,30.00111,0.389,-5.325,146.037,0.355,3,0.539,0,0.348,4,1.0,19kHhX6f6EfLU7rcO3RqjO
154.26427,16.86817,0.595,-7.955,146.037,0.154,3,0.517,0,0.676,4,1.0,19kHhX6f6EfLU7rcO3RqjO
171.13243,26.71893,1.0,-24.915,141.028,0.274,10,0.605,0,0.585,3,0.738,19kHhX6f6EfLU7rcO3RqjO
197.85136,11.63117,0.542,-37.457,143.271,0.177,10,0.282,0,0.386,1,0.8,19kHhX6f6EfLU7rcO3RqjO
0.0,14.29856,1.0,-18.587,140.244,0.513,6,0.0,1,0.0,4,1.0,7iabz12vAuVQYyekFIWJxD
14.29856,12.86289,1.0,-3.81,140.05,0.784,4,0.434,0,0.326,4,1.0,7iabz12vAuVQYyekFIWJxD
27.16146,30.84143,0.081,-4.698,140.165,0.798,4,0.504,1,0.354,4,1.0,7iabz12vAuVQYyekFIWJxD
58.00289,82.73044,0.458,-5.024,140.088,0.689,11,0.859,1,0.5,4,0.769,7iabz12vAuVQYyekFIWJxD
0.0,15.28213,1.0,-7.699,124.525,0.553,3,0.57,1,0.55,4,1.0,5zuPzhnGl0DRRWmquMi2MP
15.28213,29.9808,0.634,-4.35,128.046,0.446,7,0.044,0,0.581,4,1.0,5zuPzhnGl0DRRWmquMi2MP
45.26293,30.64835,0.566,-3.173,127.935,0.444,2,0.139,1,0.235,4,1.0,5zuPzhnGl0DRRWmquMi2MP
75.91127,14.59269,0.582,-4.459,127.618,0.561,2,0.392,1,0.504,4,1.0,5zuPzhnGl0DRRWmquMi2MP
90.50397,14.56998,0.881,-3.541,128.161,0.333,0,0.0,0,0.0,4,1.0,5zuPzhnGl0DRRWmquMi2MP
105.07395,13.59978,0.639,-3.031,127.961,0.591,7,0.031,1,0.405,4,1.0,5zuPzhnGl0DRRWmquMi2MP
118.67373,17.93064,0.432,-3.079,128.262,0.407,2,0.242,1,0.262,4,1.0,5zuPzhnGl0DRRWmquMi2MP
136.60437,14.80162,1.0,-5.631,127.949,0.628,3,0.0,1,0.0,4,1.0,5zuPzhnGl0DRRWmquMi2MP
0.0,32.26726,1.0,-12.965,147.856,0.352,2,0.422,1,0.509,4,1.0,3Pbp7cUCx4d3OAkZSCoNvn
32.26726,20.68196,0.716,-13.457,147.301,0.353,7,0.119,1,0.51,4,1.0,3Pbp7cUCx4d3OAkZSCoNvn
52.94922,27.13654,0.571,-11.386,148.087,0.422,7,0.793,1,0.692,4,1.0,3Pbp7cUCx4d3OAkZSCoNvn
80.08576,23.5485,0.113,-10.803,148.033,0.395,7,0.167,1,0.569,4,1.0,3Pbp7cUCx4d3OAkZSCoNvn
103.63426,50.27576,0.901,-10.2,148.168,0.341,7,0.975,1,0.835,4,1.0,3Pbp7cUCx4d3OAkZSCoNvn
153.91003,5.72607,1.0,-58.006,149.245,0.016,2,0.0,1,0.0,4,1.0,3Pbp7cUCx4d3OAkZSCoNvn
0.0,14.26299,1.0,-13.666,81.03,0.673,6,0.536,0,0.619,4,1.0,2FQrifJ1N335Ljm3TjTVVf
14.26299,25.19783,0.645,-8.688,80.939,0.61,9,0.464,1,0.54,4,1.0,2FQrifJ1N335Ljm3TjTVVf
39.46082,14.06578,0.269,-4.903,81.066,0.773,6,0.208,0,0.45,4,1.0,2FQrifJ1N335Ljm3TjTVVf
53.5266,17.77617,0.032,-4.144,81.032,0.687,9,0.0,1,0.0,4,1.0,2FQrifJ1N335Ljm3TjTVVf
71.30277,50.39107,0.258,-4.155,80.937,0.734,9,0.389,1,0.517,4,0.985,2FQrifJ1N335Ljm3TjTVVf
121.69384,22.94071,0.598,-6.423,81.16,0.801,6,0.0,0,0.409,4,1.0,2FQrifJ1N335Ljm3TjTVVf
144.63455,26.65729,0.455,-3.551,80.943,0.592,2,0.0,1,0.0,4,1.0,2FQrifJ1N335Ljm3TjTVVf
0.0,8.31724,1.0,-11.066,91.951,0.666,11,0.641,0,0.609,4,0.5,5uQ7de4EWjb3rkcFxyEOpu
8.31724,17.86849,0.459,-8.195,90.462,0.559,2,0.709,1,0.645,4,0.412,5uQ7de4EWjb3rkcFxyEOpu
26.18573,21.74884,0.36,-5.454,91.047,0.505,2,0.46,1,0.514,4,0.429,5uQ7de4EWjb3rkcFxyEOpu
47.93457,63.96764,0.228,-4.601,90.985,0.496,11,0.114,0,0.421,4,0.671,5uQ7de4EWjb3rkcFxyEOpu
111.90221,7.91147,0.653,-7.943,91.211,0.453,2,0.693,1,0.681,4,1.0,5uQ7de4EWjb3rkcFxyEOpu
119.81368,28.50387,0.655,-4.485,90.962,0.489,2,0.667,1,0.676,4,1.0,5uQ7de4EWjb3rkcFxyEOpu
0.0,8.4295,1.0,-28.279,130.135,0.442,10,0.194,0,0.476,4,1.0,4q5YezDOIPcoLr8R81x9qy
8.4295,15.81586,0.975,-16.455,129.368,0.259,5,0.753,1,0.629,4,1.0,4q5YezDOIPcoLr8R81x9qy
24.24536,18.91966,0.389,-13.32,130.194,0.393,0,0.0,1,0.0,4,1.0,4q5YezDOIPcoLr8R81x9qy
43.16502,23.99527,0.638,-8.23,130.038,0.556,0,0.804,1,0.764,4,1.0,4q5YezDOIPcoLr8R81x9qy
67.16029,29.53851,0.378,-6.39,129.849,0.671,7,0.136,1,0.548,4,1.0,4q5YezDOIPcoLr8R81x9qy
96.6988,14.77741,0.952,-15.366,129.717,0.314,5,0.527,1,0.489,4,0.933,4q5YezDOIPcoLr8R81x9qy
111.4762,12.01175,0.582,-11.886,129.632,0.312,5,0.307,1,0.112,4,1.0,4q5YezDOIPcoLr8R81x9qy
123.48795,21.68358,0.673,-8.773,129.99,0.536,9,0.099,0,0.278,4,1.0,4q5YezDOIPcoLr8R81x9qy
145.17152,40.1385,0.515,-5.733,129.854,0.566,0,0.927,1,0.741,4,0.885,4q5YezDOIPcoLr8R81x9qy
185.31003,15.22608,0.432,-6.457,130.039,0.545,5,0.038,1,0.451,4,0.68,4q5YezDOIPcoLr8R81x9qy
200.53612,17.46874,0.16,-6.624,130.006,0.481,7,0.135,1,0.365,3,0.5,4q5YezDOIPcoLr8R81x9qy
0.0,8.73026,1.0,-5.007,151.244,0.556,1,0.0,1,0.0,4,1.0,2GxrNKugF82CnoRFbQfzPf
8.73026,11.87373,0.746,-4.13,151.839,0.569,11,0.628,1,0.559,4,1.0,2GxrNKugF82CnoRFbQfzPf
20.60399,24.13826,0.47,-4.541,151.776,0.447,11,0.775,1,0.591,4,1.0,2GxrNKugF82CnoRFbQfzPf
44.74226,17.81798,0.124,-4.051,151.777,0.408,11,0.623,1,0.486,4,1.0,2GxrNKugF82CnoRFbQfzPf
62.56024,20.97816,0.076,-3.726,151.663,0.464,8,0.075,0,0.239,4,1.0,2GxrNKugF82CnoRFbQfzPf
83.5384,12.67301,0.59,-3.298,151.83,0.316,0,0.0,0,0.0,4,1.0,2GxrNKugF82CnoRFbQfzPf
96.21141,12.66528,0.93,-5.018,151.828,0.298,11,0.544,1,0.565,4,1.0,2GxrNKugF82CnoRFbQfzPf
108.87669,26.5195,0.664,-4.208,151.631,0.44,11,0.358,1,0.442,4,1.0,2GxrNKugF82CnoRFbQfzPf
135.3962,7.11841,0.999,-5.623,151.463,0.242,1,0.0,1,0.0,4,1.0,2GxrNKugF82CnoRFbQfzPf
0.0,14.88241,1.0,-6.27,145.622,0.598,1,0.0,1,0.0,4,1.0,2MjXWroB9wlTG2kqv3avfS
14.88241,12.42897,0.107,-5.345,145.117,0.632,1,0.345,0,0.285,4,1.0,2MjXWroB9wlTG2kqv3avfS
27.31139,43.05835,0.634,-5.257,144.917,0.651,5,0.583,0,0.556,4,1.0,2MjXWroB9wlTG2kqv3avfS
70.36974,18.1965,0.292,-4.826,145.173,0.711,5,0.609,0,0.751,4,1.0,2MjXWroB9wlTG2kqv3avfS
88.56624,17.79742,0.169,-4.671,145.117,0.713,5,0.567,0,0.592,4,1.0,2MjXWroB9wlTG2kqv3avfS
106.36366,12.40877,0.633,-5.311,145.467,0.72,0,0.0,1,0.0,4,1.0,2MjXWroB9wlTG2kqv3avfS
118.77242,24.02126,0.405,-8.514,145.013,0.675,0,0.607,1,0.495,4,1.0,2MjXWroB9wlTG2kqv3avfS
142.79369,5.75801,0.991,-5.114,144.223,0.569,1,0.0,1,0.0,4,0.9,2MjXWroB9wlTG2kqv3avfS
0.0,11.40107,1.0,-8.415,158.177,0.655,8,0.0,1,0.0,4,1.0,69phA1R4gmQsBFRQ3INW8C
11.40107,28.44519,0.825,-6.312,158.194,0.576,1,0.0,1,0.0,4,1.0,69phA1R4gmQsBFRQ3INW8C
39.84626,17.44213,0.376,-6.532,158.319,0.668,1,0.0,1,0.0,4,1.0,69phA1R4gmQsBFRQ3INW8C
57.28839,16.32733,0.373,-6.202,158.103,0.517,1,0.108,0,0.443,4,1.0,69phA1R4gmQsBFRQ3INW8C
73.61572,43.60648,0.832,-7.036,158.135,0.546,1,0.0,1,0.0,4,1.0,69phA1R4gmQsBFRQ3INW8C
117.2222,4.1768,1.0,-27.01,157.819,0.552,1,0.0,1,0.0,4,1.0,69phA1R4gmQsBFRQ3INW8C
0.0,15.76041,1.0,-8.091,121.969,0.73,1,0.595,1,0.612,4,1.0,6uTPdRrEDeH8Fyg5L5qmeU
15.76041,96.84565,0.06,-7.166,121.958,0.595,1,0.919,1,0.768,4,1.0,6uTPdRrEDeH8Fyg5L5qmeU
112.60606,13.29557,1.0,-39.281,121.887,0.136,3,0.0,0,0.0,4,0.833,6uTPdRrEDeH8Fyg5L5qmeU
0.0,8.36344,1.0,-12.335,172.621,0.392,10,0.0,0,0.0,4,1.0,5JRYVSZ6K2jY0kznYBmoqr
8.36344,29.67194,0.648,-7.594,171.742,0.496,6,0.29,1,0.418,4,1.0,5JRYVSZ6K2jY0kznYBmoqr
38.03538,21.95752,0.44,-4.18,172.045,0.449,11,0.025,1,0.349,4,0.714,5JRYVSZ6K2jY0kznYBmoqr
59.9929,44.31908,0.927,-4.833,171.937,0.45,6,0.796,1,0.721,4,0.743,5JRYVSZ6K2jY0kznYBmoqr
104.31198,16.74241,0.676,-4.257,171.76,0.339,6,0.675,1,0.663,4,1.0,5JRYVSZ6K2jY0kznYBmoqr
121.05439,8.72691,0.608,-5.705,172.907,0.372,6,0.0,1,0.0,4,1.0,5JRYVSZ6K2jY0kznYBmoqr
129.7813,13.923,0.476,-3.319,171.842,0.34,6,0.0,1,0.0,4,1.0,5JRYVSZ6K2jY0kznYBmoqr
143.70432,11.50813,0.558,-4.686,171.511,0.331,6,0.061,1,0.544,4,1.0,5JRYVSZ6K2jY0kznYBmoqr
155.21243,10.82756,1.0,-25.625,171.382,0.23,8,0.0,0,0.0,4,1.0,5JRYVSZ6K2jY0kznYBmoqr
0.0,12.72741,1.0,-15.112,81.356,0.574,8,0.0,1,0.0,5,1.0,1x5sYLZiu9r5E43kMlt9f8
12.72741,27.08586,0.253,-10.025,113.049,0.51,8,0.328,1,0.576,4,0.483,1x5sYLZiu9r5E43kMlt9f8
39.81327,9.24818,0.123,-6.201,123.364,0.512,0,0.0,0,0.0,4,1.0,1x5sYLZiu9r5E43kMlt9f8
49.06144,25.8556,0.419,-4.007,122.89,0.416,0,0.403,0,0.586,4,1.0,1x5sYLZiu9r5E43kMlt9f8
74.91704,26.3573,0.595,-5.87,122.943,0.587,0,0.0,0,0.0,4,1.0,1x5sYLZiu9r5E43kMlt9f8
101.27434,16.09721,0.344,-6.257,123.145,0.514,0,0.52,0,0.6,4,1.0,1x5sYLZiu9r5E43kMlt9f8
117.37155,22.41902,0.303,-2.816,123.085,0.415,0,0.744,0,0.683,4,1.0,1x5sYLZiu9r5E43kMlt9f8
139.79057,15.61065,0.966,-11.819,122.938,0.69,0,0.0,0,0.0,4,1.0,1x5sYLZiu9r5E43kMlt9f8
155.40121,12.68828,0.771,-4.581,123.258,0.547,0,0.434,0,0.594,4,1.0,1x5sYLZiu9r5E43kMlt9f8
168.0895,35.59702,0.632,-1.952,123.051,0.33,0,0.685,0,0.657,4,1.0,1x5sYLZiu9r5E43kMlt9f8
203.68652,8.7728,0.817,-8.197,122.76,0.459,0,0.0,0,0.0,4,1.0,1x5sYLZiu9r5E43kMlt9f8
0.0,19.96669,1.0,-11.288,114.955,0.832,0,0.503,1,0.454,4,1.0,2uqYupMHANxnwgeiXTZXzd
19.96669,27.11854,0.523,-8.328,115.061,0.69,0,0.205,1,0.335,4,1.0,2uqYupMHANxnwgeiXTZXzd
47.08522,11.49751,0.369,-4.91,114.929,0.519,5,0.019,1,0.319,4,1.0,2uqYupMHANxnwgeiXTZXzd
58.58273,15.63346,0.348,-5.313,115.129,0.497,0,0.554,1,0.535,4,1.0,2uqYupMHANxnwgeiXTZXzd
74.2162,16.1812,0.302,-7.647,114.676,0.473,0,0.572,1,0.444,4,1.0,2uqYupMHANxnwgeiXTZXzd
90.39739,10.43416,0.456,-8.006,115.097,0.482,0,0.63,1,0.508,4,1.0,2uqYupMHANxnwgeiXTZXzd
100.83155,13.0349,0.501,-7.076,115.112,0.62,5,0.034,1,0.433,4,1.0,2uqYupMHANxnwgeiXTZXzd
113.86645,46.97157,0.096,-5.188,114.908,0.413,0,0.156,1,0.288,4,1.0,2uqYupMHANxnwgeiXTZXzd
160.83801,10.94461,1.0,-11.749,114.492,0.732,7,0.0,1,0.0,4,1.0,2uqYupMHANxnwgeiXTZXzd
0.0,12.04669,1.0,-5.528,145.252,0.546,6,0.02,0,0.18,4,1.0,1TgStpMGTflN84asKJ8VU3
12.04669,28.92302,0.72,-5.44,145.335,0.407,4,0.474,0,0.282,4,1.0,1TgStpMGTflN84asKJ8VU3
40.96971,26.49457,0.074,-4.608,145.542,0.445,6,0.367,0,0.37,4,1.0,1TgStpMGTflN84asKJ8VU3
67.46428,11.17358,0.379,-4.993,145.506,0.465,1,0.085,1,0.521,4,1.0,1TgStpMGTflN84asKJ8VU3
78.63787,14.49264,0.441,-4.965,144.984,0.471,6,0.303,0,0.339,4,1.0,1TgStpMGTflN84asKJ8VU3
93.1305,14.04608,0.175,-5.796,145.506,0.435,7,0.099,1,0.501,4,1.0,1TgStpMGTflN84asKJ8VU3
107.17658,17.43421,0.066,-4.943,145.568,0.462,11,0.521,1,0.456,4,1.0,1TgStpMGTflN84asKJ8VU3
124.6108,35.59249,0.627,-5.36,145.313,0.43,9,0.715,1,0.556,4,1.0,1TgStpMGTflN84asKJ8VU3
160.20328,26.04983,0.556,-4.232,145.088,0.491,3,0.137,0,0.2,4,1.0,1TgStpMGTflN84asKJ8VU3
186.25311,13.61346,0.355,-5.981,145.43,0.438,6,0.435,0,0.497,4,1.0,1TgStpMGTflN84asKJ8VU3
199.86658,17.83725,0.191,-5.208,145.01,0.457,6,0.371,0,0.294,4,1.0,1TgStpMGTflN84asKJ8VU3
217.70383,7.4291,1.0,-19.183,145.045,0.516,9,0.424,1,0.496,4,1.0,1TgStpMGTflN84asKJ8VU3
0.0,15.03643,1.0,-16.845,135.848,0.887,7,0.096,1,0.449,4,1.0,1xUddpWyEuYl5T3mduKnOJ
15.03643,16.76139,1.0,-10.746,136.161,0.57,10,0.468,1,0.452,4,1.0,1xUddpWyEuYl5T3mduKnOJ
31.79782,53.83129,0.042,-8.954,136.012,0.66,0,0.513,1,0.386,4,1.0,1xUddpWyEuYl5T3mduKnOJ
85.62911,91.53636,0.304,-9.441,136.043,0.575,0,0.35,0,0.317,4,0.985,1xUddpWyEuYl5T3mduKnOJ
177.16547,36.21897,0.88,-10.581,135.926,0.518,10,0.286,1,0.437,4,1.0,1xUddpWyEuYl5T3mduKnOJ
213.38445,12.96564,0.89,-17.461,135.353,0.2,0,0.0,0,0.0,4,1.0,1xUddpWyEuYl5T3mduKnOJ
226.35007,14.12048,0.74,-13.398,136.114,0.672,0,0.0,0,0.0,4,1.0,1xUddpWyEuYl5T3mduKnOJ
240.47055,28.68012,0.065,-9.318,136.073,0.61,8,0.004,1,0.125,4,1.0,1xUddpWyEuYl5T3mduKnOJ
269.15067,17.20077,1.0,-24.252,136.359,0.292,10,0.0,1,0.0,4,1.0,1xUddpWyEuYl5T3mduKnOJ
286.35144,11.44267,0.051,-31.489,135.959,0.344,3,0.0,1,0.0,4,0.905,1xUddpWyEuYl5T3mduKnOJ
0.0,15.38061,1.0,-13.753,122.126,0.724,11,0.216,1,0.354,4,1.0,4Fv6wNYUixnYkj3Dgfrls8
15.38061,17.25948,1.0,-8.82,122.053,0.624,5,0.257,0,0.425,4,1.0,4Fv6wNYUixnYkj3Dgfrls8
32.64009,17.16584,0.455,-12.849,122.485,0.539,8,0.377,1,0.371,4,1.0,4Fv6wNYUixnYkj3Dgfrls8
49.80593,26.61882,0.174,-9.265,121.691,0.512,8,0.15,1,0.415,4,1.0,4Fv6wNYUixnYkj3Dgfrls8
76.42476,35.10045,0.029,-7.45,121.888,0.407,10,0.0,0,0.164,4,1.0,4Fv6wNYUixnYkj3Dgfrls8
111.52521,14.88551,0.537,-13.476,121.337,0.562,5,0.157,0,0.306,4,1.0,4Fv6wNYUixnYkj3Dgfrls8
126.41072,63.1336,0.216,-8.256,121.952,0.457,10,0.227,0,0.396,4,0.821,4Fv6wNYUixnYkj3Dgfrls8
189.54433,30.90783,0.804,-14.32,80.051,0.313,10,0.232,0,0.341,5,1.0,4Fv6wNYUixnYkj3Dgfrls8
220.45215,18.06166,0.254,-12.449,79.895,0.258,8,0.0,1,0.382,5,1.0,4Fv6wNYUixnYkj3Dgfrls8
238.51381,17.16619,0.655,-20.805,80.796,0.167,1,0.0,1,0.0,5,0.308,4Fv6wNYUixnYkj3Dgfrls8
